# Booster Juice food, per serving. Provided by the user as Booster Juice official numbers (Sept 28, 2026).
category,item,serving,calories,protein,carbs,fat
Sandwiches & Paninis,Chipotle Chicken Panini,1 panini,420,26,49,14
Sandwiches & Paninis,Pesto Chicken Panini,1 panini,430,27,46,15
Sandwiches & Paninis,Blueberry BBQ Steak Panini,1 panini,460,25,55,17
Sandwiches & Paninis,Chipotle Chicken Wrap,1 wrap,380,22,44,14
Sandwiches & Paninis,Chicken Kale Caesar Wrap,1 wrap,340,21,39,11
Sandwiches & Paninis,Egg White & Cheese Wrap,1 wrap,280,17,36,7
Booster Balls,Chocolate Chip Booster Ball,2-3 balls,140,4,14,9
Booster Balls,Oatmeal Coconut Booster Ball,2-3 balls,140,4,17,7
Booster Balls,Monster Booster Ball,2-3 balls,140,4,18,6
