# Booster Juice Nutrition Guide, Version 24.1 (in-store sheet, photographed Sept 29, 2026; photos: booster-juice-guide-v24.1-*.jpg).
# Wraps are on tomato tortillas (spinach is the same; whole wheat adds 20 cal). Caffeine: Matcha Monsoon 112/56 mg, Mind Over Matcha 112 mg, Teazers 20-40 mg, Game Set Matcha 56 mg.
category	item	serving	calories	fat	sat_fat	trans_fat	protein	carbs	fibre	sugars	cholesterol_mg	sodium_mg	potassium_mg	calcium_mg	iron_mg
Smoothies	Strawberry Sunshine Smoothie	710 mL	410	1.0	0.5	0	4	97	3	76	0	50	700	125	1.25
Smoothies	Mango Hurricane Smoothie	710 mL	360	1.0	0.5	0	3	84	3	73	0	50	500	125	1.25
Smoothies	Very Berry Smoothie	710 mL	390	1.5	0.5	0	3	89	6	75	0	65	350	150	1.00
Smoothies	Pirates Nectar Smoothie	710 mL	410	1.0	0.5	0	4	100	3	86	0	50	500	175	1.00
Smoothies	Tropical Tornado Smoothie	710 mL	440	1.0	0.5	0	4	104	3	83	0	35	700	150	0.75
Smoothies	Hawaiian Sunset Smoothie	710 mL	410	2.0	1.0	0	6	95	5	72	5	85	800	175	1.00
Smoothies	Funky Monkey Smoothie	710 mL	520	6.0	1.5	0	6	116	5	81	5	250	1000	500	2.00
Smoothies	Mangosicle Smoothie	710 mL	420	2.0	0.5	0	4	100	1	80	5	75	550	100	0.5
Smoothies	Canadian Colada Smoothie	710 mL	510	8.0	6.0	0	8	109	5	79	10	110	950	225	1.00
Smoothies	Berry Cream Sensation Smoothie	710 mL	370	2.0	1.0	0	4	84	4	69	5	85	550	175	1.25
Smoothies	Pineapple Freeze Smoothie	710 mL	430	2.5	1.5	0	7	99	3	75	10	105	850	225	1.00
Smoothies	Oat-Rageous Mocha Smoothie	710 mL	540	8.0	2.0	0	11	116	6	67	10	250	1000	450	2.00
Smoothies	Spinach Is In It Smoothie	710 mL	310	3.5	0.5	0	3	72	5	65	0	30	600	75	1.00
Smoothies	Tropi-Kale Smoothie	710 mL	310	1.5	0.0	0	3	75	4	59	0	20	850	75	1.00
Smoothies	Coco Crush Smoothie	710 mL	370	6.0	5.0	0	3	81	6	55	0	55	1050	75	1.00
Smoothies	Wildberry Rush Smoothie	710 mL	210	1.0	0.0	0	1	51	5	39	0	60	650	50	1.25
Smoothies	Bananas-A-Whey Smoothie	710 mL	470	3.5	1.5	0	28	88	2	59	45	260	800	350	2.25
Smoothies	Ripped Berry Smoothie	710 mL	470	3.5	1.5	0	29	84	3	64	45	290	550	400	2.25
Smoothies	Strawberry Storm Smoothie	710 mL	390	3.0	1.5	0	23	70	3	51	40	210	600	200	3.00
Smoothies	Nuttin' Better Smoothie	710 mL	770	27.0	6.0	0	39	100	5	66	45	400	800	350	4.00
Smoothies	Matcha Monsoon Smoothie	710 mL	390	6.0	1.5	0	7	82	2	61	10	260	600	450	0.50
Smoothies	Ocean Mist Smoothie	710 mL	410	0.0	0.0	0	9	93	3	70	0	70	650	30	1.25
Smoothies	Lemon Berry Smoothie	710 mL	380	0.0	0.0	0	1	93	3	76	0	30	400	50	1.25
Smoothies	Brazilian Thunder Smoothie	710 mL	500	5.0	1.5	0	4	111	7	88	0	45	550	150	1.00
Smoothies	Pomegranate Passion Smoothie	710 mL	380	1.5	1.0	0	5	89	5	70	5	85	600	200	1.50
Smoothies	High Impact Acai Smoothie	710 mL	630	7.0	2.5	0	28	119	5	92	50	290	700	300	2.50
Smoothies	Mind Over Matcha Smoothie	710 mL	430	7.0	1.5	0	26	73	5	51	45	330	600	450	2.50
Smoothies	Pomegranate Punch Smoothie	710 mL	450	2.5	1.0	0	23	87	3	63	40	180	600	175	2.50
Smoothies	Acai Avalanche Smoothie	710 mL	470	6.0	1.5	0	24	85	4	62	40	220	450	250	3.00
Smoothies	Strawberry Sunshine Smoothie	355 mL	210	0.5	0.3	0	2.0	48	2	38	0	25	350	75	0.75
Smoothies	Mango Hurricane Smoothie	355 mL	180	0.4	0.2	0	2.0	42	1	36	0	25	250	75	0.50
Smoothies	Very Berry Smoothie	355 mL	200	0.5	0.2	0	2.0	44	3	37	0	30	175	75	0.50
Smoothies	Pirates Nectar Smoothie	355 mL	210	0.5	0.2	0	2.0	50	1	43	0	25	250	75	0.50
Smoothies	Tropical Tornado Smoothie	355 mL	220	0.5	0.3	0	2.0	52	1	41	0	15	350	75	0.40
Smoothies	Hawaiian Sunset Smoothie	355 mL	200	1.0	0.5	0	3.0	48	3	36	5	40	400	75	0.50
Smoothies	Funky Monkey Smoothie	355 mL	260	3.0	0.5	0	3.0	58	2	41	5	125	500	250	1.00
Smoothies	Mangosicle Smoothie	355 mL	210	1.0	0.4	0	2.0	50	1	40	5	40	250	50	0.20
Smoothies	Canadian Colada Smoothie	355 mL	240	3.5	3.0	0	3.0	53	2	38	5	40	450	50	0.40
Smoothies	Berry Cream Sensation Smoothie	355 mL	180	1.0	0.4	0	2.0	42	2	34	5	40	250	75	0.50
Smoothies	Pineapple Freeze Smoothie	355 mL	210	1.0	0.5	0	3.0	50	2	38	5	55	450	125	0.50
Smoothies	Oat-Rageous Mocha Smoothie	355 mL	270	4.0	1.0	0	5.0	58	3	34	5	125	500	225	1.00
Smoothies	Spinach Is In It Smoothie	355 mL	170	2.0	0.3	0	1.0	39	3	35	0	15	350	40	0.50
Smoothies	Tropi-Kale Smoothie	355 mL	150	0.5	0.0	0	1.0	36	2	28	0	10	400	40	0.40
Smoothies	Coco Crush Smoothie	355 mL	190	3.0	2.5	0	2.0	42	3	28	0	30	550	30	0.50
Smoothies	Wildberry Rush Smoothie	355 mL	100	0.5	0.0	0	0.5	24	2	19	0	30	300	30	0.50
Smoothies	Matcha Monsoon Smoothie	355 mL	200	3.0	0.5	0	3.0	41	1	31	5	130	300	225	0.30
Smoothies	Ocean Mist Smoothie	355 mL	200	0.0	0.0	0	4.0	46	2	35	0	35	300	20	0.75
Smoothies	Lemon Berry Smoothie	355 mL	190	0.0	0.0	0	1.0	47	1	38	0	15	200	30	0.75
Smoothies	Brazilian Thunder Smoothie	355 mL	250	2.5	0.5	0	2.0	55	3	44	0	25	250	75	0.50
Smoothies	Pomegranate Passion Smoothie	355 mL	190	1.0	0.4	0	2.0	45	2	35	5	40	300	100	0.75
Booster Mix'rs	Berry Teazer Booster Mix'r	475 mL	70	0.0	0.0	0	0.4	16	1	14	0	10	150	0	0.20
Booster Mix'rs	Mango Teazer Booster Mix'r	475 mL	70	0.0	0.0	0	0.3	17	0	15	0	0	100	20	0.20
Booster Mix'rs	Game, Set, Matcha Booster Mix'r	475 mL	190	6.0	0.5	0	5.0	30	3	13	0	140	150	350	1.00
Booster Mix'rs	Almighty Acai Booster Mix'r	475 mL	250	7.0	1.0	0	4.0	44	4	29	0	115	125	300	1.00
Booster Mix'rs	Oranges ‘n Cream Booster Mix'r	475 mL	300	3.0	1.0	0	5.0	67	1	49	5	100	650	150	0.50
Fresh Juices	Heavenly Horizon	475 mL	220	1.0	0	0	1	53	2	41	0	15	550	40	0.50
Fresh Juices	Strawberry Lemon-Aid	475 mL	210	1.0	0	0	2	50	3	34	0	110	850	75	1.50
Fresh Juices	Hail to the Kale	475 mL	200	1.5	0	0	2	44	3	34	0	45	650	175	1.25
Fresh Juices	Ginger Hammer	475 mL	200	1.0	0	0	3	48	3	27	0	200	1100	75	1.50
Fresh Juices	Maui Juice	475 mL	250	1.0	0	0	3	61	3	41	0	0	900	40	0.75
Fresh Juices	Red Sunrise	475 mL	190	1.0	0	0	3	44	3	28	0	190	1000	75	1.50
Fresh Juices	Tahiti Squeeze	475 mL	180	1.0	0	0	2	44	3	33	0	10	650	50	1.25
Fresh Juices	Apple Juice	475 mL	230	1.0	0	0	0	54	1	48	0	25	450	30	0.30
Fresh Juices	Carrot Juice	475 mL	180	0.5	0	0	4	43	4	18	0	300	1350	100	2.00
Fresh Juices	Orange Juice	475 mL	210	1.0	0	0	3	50	1	40	0	0	950	50	1.00
Fresh Juices	Celery Juice	475 mL	80	0.0	0	0	3	14	8	6	0	360	1200	175	1.50
Specialty	Lemon & Ginger Shot	1 oz	10	0	0.0	0	0	2	0	0	0	0	50	0	0.00
Specialty	Lemon, Ginger, Turmeric & Coconut Water Shot	1 oz	10	0	0.0	0	0	2	0	1	0	4	50	0	0.00
Specialty	Apple, Lemon & Ginger Shot	1 oz	10	0	0.0	0	0	3	0	2	0	0	40	0	0.00
Specialty	Wheatgrass Shot	1 oz	5	0	0.0	0	0	0	0	0	0	0	0	0	0.00
Specialty	Lemon & Ginger Shot	2 oz	20	0	0.0	0	0	5	0	0	0	0	125	0	0.00
Specialty	Lemon, Ginger, Turmeric & Coconut Water Shot	2 oz	15	0	0.0	0	0	4	0	1	0	10	100	10	0.00
Specialty	Apple, Lemon & Ginger Shot	2 oz	25	0	0.0	0	0	6	0	3	0	0	100	0	0.00
Specialty	Wheatgrass Shot	2 oz	10	0	0.0	0	0	0	0	0	0	0	0	0	0.00
Specialty	Acai Energy Bowl	1 item	510	8.0	2.0	0	6	110	7	77	0	75	700	125	3.50
Specialty	Sweet Greens Bowl	1 item	250	7.0	0.5	0	7	43	7	34	0	40	650	175	3.00
Specialty	Chocolate Chip Booster Ball	1 item	140	9.0	2.0	0	4	14	1	6	0	3	150	10	1.50
Specialty	Oatmeal Coconut Booster Ball	1 item	140	7.0	3.0	0	4	17	2	9	0	4	125	10	0.75
Specialty	Monster Booster Ball	1 item	140	6.0	1.5	0	4	18	2	10	0	30	50	20	0.75
Specialty	Booster Nova	1 item	230	13.0	6.0	0	2	27	2	13	15	240	75	10	0.75
Grilled Fresh	Chipotle Chicken Panini	1 item	420	14	4.0	0.1	26	49	2	9	50	810	800	20	3.5
Grilled Fresh	Chipotle Steak Panini	1 item	430	17	5.0	0.3	24	48	2	9	35	890	350	20	3.5
Grilled Fresh	Pesto Chicken Panini	1 item	430	15	4.5	0.2	27	46	3	6	50	850	800	75	3.5
Grilled Fresh	Tuna Melt Panini	1 item	510	20	8.0	0.3	39	44	2	5	55	1150	350	40	3.5
Grilled Fresh	Grilled Cheese Panini	1 item	430	20	10.0	0.4	20	43	2	5	0	710	100	10	2.5
Grilled Fresh	Artisan Grilled Cheese Panini	1 item	470	24	11.0	0.4	21	44	2	5	5	830	150	50	3.0
Grilled Fresh	Chipotle Chicken Wrap	1 item	420	14	4.5	0.1	31	39	0	5	70	1020	1050	20	3.0
Grilled Fresh	Chipotle Steak Wrap	1 item	430	19	6.0	0.4	27	36	0	6	55	1140	450	20	4.0
Grilled Fresh	Chicken Quesadilla	1 item	360	10	3.5	0.1	31	36	0	2	70	960	1100	30	3.0
Grilled Fresh	Tuna Wrap	1 item	410	14	4.5	0.1	35	32	1	1	65	1190	400	50	3.5
Grilled Fresh	Egg White & Chorizo Wrap (Chipotle)	1 item	420	21	7.0	0.1	21	35	1	4	30	990	250	40	2.5
Grilled Fresh	Egg White & Chorizo Wrap (Salsa)	1 item	380	18	6.0	0.1	21	33	1	2	30	950	250	40	2.5
Grilled Fresh	Egg White & Cheese Wrap	1 item	260	8	3.0	0.1	14	32	0	2	0	660	150	40	2.0
