# Booster Juice nutrition from m.nutritionix.com/booster-juice/menu/premium, fetched by the user on Sept 28, 2026.
# Columns: item, calories, fat, sat fat, trans fat, cholesterol mg, sodium mg, carbs, fibre, sugars, protein. Lines with one field are category headers.
Smoothies
Acai Avalanche Smoothie, 710 mL	470	6	1.5	0	40	220	85	4	62	24
Bananas-A-Whey Smoothie, 710 mL	470	3.5	1.5	0	45	260	88	2	59	28
Berry Cream Sensation Smoothie, 355 mL	180	1	0	0	<5	40	42	2	34	2
Berry Cream Sensation Smoothie, 710 mL	370	2	1	0	<5	85	84	4	69	4
Brazilian Thunder Smoothie, 355 mL	250	2.5	0.5	0	0	25	55	3	44	2
Brazilian Thunder Smoothie, 710 mL	500	5	1.5	0	0	45	111	7	88	4
Canadian Colada Smoothie, 355 mL	240	3.5	3	0	<5	40	53	2	38	3
Canadian Colada Smoothie, 710 mL	510	8	6	0	10	110	109	5	79	8
Coco Crush Smoothie, 355 mL	190	3	2.5	0	0	30	42	3	28	2
Coco Crush Smoothie, 710 mL	370	6	5	0	0	55	81	6	55	3
Funky Monkey Smoothie, 355 mL	260	3	0.5	0	<5	125	58	2	41	3
Funky Monkey Smoothie, 710 mL	520	6	1.5	0	<5	250	116	5	81	6
Hawaiian Sunset Smoothie, 355 mL	200	1	0.5	0	<5	40	48	3	36	3
Hawaiian Sunset Smoothie, 710 mL	410	2	1	0	<5	85	95	5	72	6
High Impact Acai Smoothie, 710 mL	630	7	2.5	0	50	290	119	5	92	28
Lemon Berry Smoothie, 355 mL	190	0	0	0	0	15	47	1	38	1
Lemon Berry Smoothie, 710 mL	380	0	0	0	0	30	93	3	76	1
Mango Hurricane Smoothie, 355 mL	180	0	0	0	0	25	42	1	36	2
Mango Hurricane Smoothie, 710 mL	360	1	0.5	0	0	50	84	3	73	3
Mangosicle Smoothie, 355 mL	210	1	0	0	<5	40	50	1	40	2
Mangosicle Smoothie, 710 mL	420	2	0.5	0	<5	75	100	1	80	4
Matcha Monsoon Smoothie, 355 mL	200	3	0.5	0	<5	130	41	1	31	3
Matcha Monsoon Smoothie, 710 mL	390	6	1.5	0	10	260	82	2	61	7
Mind Over Matcha Smoothie, 710 mL	430	7	1.5	0	45	330	73	5	51	26
Nuttin' Better Smoothie, 710 mL	770	27	6	0	45	400	100	5	66	39
Oat-Rageous Mocha Smoothie, 355 mL	270	4	1	0	<5	125	58	3	34	5
Oat-Rageous Mocha Smoothie, 710 mL	540	8	2	0	10	250	116	6	67	11
Ocean Mist Smoothie, 355 mL	200	0	0	0	0	35	46	2	35	4
Ocean Mist Smoothie, 710 mL	410	0	0	0	0	70	93	3	70	9
Pineapple Freeze Smoothie, 355 mL	210	1	0.5	0	<5	55	50	2	38	3
Pineapple Freeze Smoothie, 710 mL	430	2.5	1.5	0	10	105	99	3	75	7
Pirates Nectar Smoothie, 355 mL	210	0.5	0	0	0	25	50	1	43	2
Pirates Nectar Smoothie, 710 mL	410	1	0.5	0	0	50	100	3	86	4
Pomegranate Passion Smoothie, 355 mL	190	1	0	0	<5	40	45	2	35	2
Pomegranate Passion Smoothie, 710 mL	380	1.5	1	0	<5	85	89	5	70	5
Pomegranate Punch Smoothie, 710 mL	450	2.5	1	0	40	180	87	3	63	23
Ripped Berry Smoothie, 710 mL	470	3.5	1.5	0	45	290	84	3	64	29
Spinach Is In It Smoothie, 355 mL	170	2	0	0	0	15	39	3	35	1
Spinach Is In It Smoothie, 710 mL	310	3.5	0.5	0	0	30	72	5	65	3
Strawberry Storm Smoothie, 710 mL	390	3	1.5	0	40	210	70	3	51	23
Strawberry Sunshine Smoothie, 355 mL	210	0.5	0	0	0	25	48	2	38	2
Strawberry Sunshine Smoothie, 710 mL	410	1	0.5	0	0	50	97	3	76	4
Tropi-Kale Smoothie, 355 mL	150	0.5	0	0	0	10	36	2	28	1
Tropi-Kale Smoothie, 710 mL	310	1.5	0	0	0	20	75	4	59	3
Tropical Tornado Smoothie, 355 mL	220	0.5	0	0	0	15	52	1	41	2
Tropical Tornado Smoothie, 710 mL	440	1	0.5	0	0	35	104	3	83	4
Very Berry Smoothie, 355 mL	200	0.5	0	0	0	30	44	3	37	2
Very Berry Smoothie, 710 mL	390	1.5	0.5	0	0	65	89	6	75	3
Wildberry Rush Smoothie, 355 mL	100	0.5	0	0	0	30	24	2	19	<1
Wildberry Rush Smoothie, 710 mL	210	1	0	0	0	60	51	5	39	1
Booster Mix'rs
Almighty Acai Booster Mix'r	250	7	1	0	0	115	44	4	29	4
Berry Teazer Booster Mix'r	70	0	0	0	0	10	16	1	14	0
Game, Set, Matcha Booster Mix'r	190	6	0.5	0	0	140	30	3	13	5
Mango Teazer Booster Mix'r	70	0	0	0	0	0	17	0	15	0
Oranges ‘n Cream Booster Mix'r	300	3	1	0	<5	100	67	1	49	5
Fresh Juices
Apple Fresh Juice	230	1	0	0	0	25	54	1	48	0
Carrot Fresh Juice	180	0.5	0	0	0	300	43	4	18	4
Celery Fresh Juice	80	0	0	0	0	360	14	8	6	3
Ginger Hammer Fresh Juice	200	1	0	0	0	200	48	3	27	3
Hail to the Kale Fresh Juice	200	1.5	0	0	0	45	44	3	34	2
Heavenly Horizon Fresh Juice	220	1	0	0	0	15	53	2	41	1
Maui Juice Fresh Juice	250	1	0	0	0	0	61	3	41	3
Orange Fresh Juice	210	1	0	0	0	0	50	1	40	3
Red Sunrise Fresh Juice	190	1	0	0	0	190	44	3	28	3
Strawberry Lemon-Aid Fresh Juice	210	1	0	0	0	110	50	3	34	2
Tahiti Squeeze Fresh Juice	180	1	0	0	0	10	44	3	33	2
Specialty
Acai Energy Bowl	510	8	2	0	0	75	110	7	77	6
Apple, Lemon & Ginger, 1oz	10	0	0	0	0	0	3	0	2	0
Apple, Lemon & Ginger, 2oz	25	0	0	0	0	0	6	0	3	0
Booster Nova	230	13	6	0	15	240	27	2	13	2
Chocolate Chip Booster Ball	140	9	2	0	0	0	14	1	6	4
Lemon & Ginger, 1oz	10	0	0	0	0	0	2	0	0	0
Lemon & Ginger, 2oz	20	0	0	0	0	0	5	0	0	0
Lemon, Ginger, Turmeric & Coconut Water, 1oz	10	0	0	0	0	0	2	0	1	0
Lemon, Ginger, Turmeric & Coconut Water, 2oz	15	0	0	0	0	10	4	0	1	0
Monster Booster Ball	140	6	1.5	0	0	30	18	2	10	4
Oatmeal Coconut Booster Ball	140	7	3	0	0	0	17	2	9	4
Sweet Greens Bowl	250	7	0.5	0	0	40	43	7	34	7
Wheatgrass, 1oz	5	0	0	0	0	0	0	0	0	0
Wheatgrass, 2oz	10	0	0	0	0	0	0	0	0	0
Grilled Fresh
Artisan Grilled Cheese Panini	470	24	11	0	<5	830	44	2	5	21
Chicken Quesadilla	360	10	3.5	0	70	960	36	0	2	31
Chipotle Chicken Panini	420	14	4	0	50	810	49	2	9	26
Chipotle Chicken Wrap	420	14	4.5	0	70	1,020	39	0	5	31
Chipotle Steak Panini	430	17	5	0	35	890	48	2	9	24
Chipotle Steak Wrap	430	19	6	0	55	1,140	36	0	6	27
Egg White & Cheese Wrap	260	8	3	0	0	660	32	0	2	14
Egg White & Chorizo (Chipotle) Wrap	420	21	7	0	30	990	35	1	4	21
Egg White & Chorizo (Salsa) Wrap	380	18	6	0	30	950	33	1	2	21
Grilled Cheese Panini	430	20	10	0	0	710	43	2	5	20
Pesto Chicken Panini	430	15	4.5	0	50	850	46	3	6	27
